action_type,mean_uplift,median_uplift,mean_ev,median_ev,count
EXEC_SPONSOR_OUTREACH,-0.020843440736770146,-0.14878585592539337,3992.363157177332,-750.7524697739985,5000
DEMO_OFFER,0.012697473290644678,-0.07648800187474869,3466.6016081099956,-429.6087865952958,5000
0,0.0,0.0,-14.315,0.0,5000
EMAIL_SEQUENCE,-0.008138898343014496,-0.05309179602951024,-4126.655080378441,-328.4918032756049,5000
PRICING_CONCESSION,0.05375720413731293,-0.12150466884735847,-4155.420324301621,-544.91266236163,5000
TECHNICAL_WORKSHOP,-0.08151825412616137,-0.12492199005299212,-6364.911512398225,-771.7809375510053,5000
CALL_OUTREACH,0.02682763007596768,-0.050557073052643814,-6644.66703538871,-311.0452244519052,5000
LINKEDIN_TOUCH,-0.0058808051669900115,-0.11554353997249164,-15733.57062260507,-542.759657460599,5000
