action,auc_treated,auc_control
0,0.497776227228282,0.497776227228282
CALL_OUTREACH,0.4492753623188406,0.497776227228282
DEMO_OFFER,0.5015197568389058,0.497776227228282
EMAIL_SEQUENCE,0.6225266362252663,0.497776227228282
EXEC_SPONSOR_OUTREACH,0.5555555555555556,0.497776227228282
LINKEDIN_TOUCH,0.355,0.497776227228282
PRICING_CONCESSION,0.21875,0.497776227228282
TECHNICAL_WORKSHOP,0.4725274725274725,0.497776227228282
